{
  "Get Authors" : {
    "transaction" : "Get Authors",
    "sampleCount" : 2,
    "errorCount" : 0,
    "errorPct" : 0.0,
    "meanResTime" : 15261.5,
    "minResTime" : 15260.0,
    "maxResTime" : 15263.0,
    "pct1ResTime" : 15263.0,
    "pct2ResTime" : 15263.0,
    "pct3ResTime" : 15263.0,
    "throughput" : 0.13103583830177554,
    "receivedKBytesPerSec" : 0.042228346327720635,
    "sentKBytesPerSec" : 0.02098620847801874
  },
  "Total" : {
    "transaction" : "Total",
    "sampleCount" : 2,
    "errorCount" : 0,
    "errorPct" : 0.0,
    "meanResTime" : 15261.5,
    "minResTime" : 15260.0,
    "maxResTime" : 15263.0,
    "pct1ResTime" : 15263.0,
    "pct2ResTime" : 15263.0,
    "pct3ResTime" : 15263.0,
    "throughput" : 0.13103583830177554,
    "receivedKBytesPerSec" : 0.042228346327720635,
    "sentKBytesPerSec" : 0.02098620847801874
  }
}