{
  "Get Authors" : {
    "transaction" : "Get Authors",
    "sampleCount" : 2,
    "errorCount" : 0,
    "errorPct" : 0.0,
    "meanResTime" : 15000.5,
    "minResTime" : 14997.0,
    "maxResTime" : 15004.0,
    "pct1ResTime" : 15004.0,
    "pct2ResTime" : 15004.0,
    "pct3ResTime" : 15004.0,
    "throughput" : 0.13329778725673153,
    "receivedKBytesPerSec" : 0.04295729472140763,
    "sentKBytesPerSec" : 0.02134847374033591
  },
  "Total" : {
    "transaction" : "Total",
    "sampleCount" : 2,
    "errorCount" : 0,
    "errorPct" : 0.0,
    "meanResTime" : 15000.5,
    "minResTime" : 14997.0,
    "maxResTime" : 15004.0,
    "pct1ResTime" : 15004.0,
    "pct2ResTime" : 15004.0,
    "pct3ResTime" : 15004.0,
    "throughput" : 0.13329778725673153,
    "receivedKBytesPerSec" : 0.04295729472140763,
    "sentKBytesPerSec" : 0.02134847374033591
  }
}