{
  "Post Author" : {
    "transaction" : "Post Author",
    "sampleCount" : 47,
    "errorCount" : 0,
    "errorPct" : 0.0,
    "meanResTime" : 19.957446808510632,
    "minResTime" : 14.0,
    "maxResTime" : 59.0,
    "pct1ResTime" : 31.000000000000014,
    "pct2ResTime" : 40.19999999999999,
    "pct3ResTime" : 59.0,
    "throughput" : 32.68428372739916,
    "receivedKBytesPerSec" : 8.362580406815022,
    "sentKBytesPerSec" : 7.756133736091795
  },
  "Total" : {
    "transaction" : "Total",
    "sampleCount" : 139,
    "errorCount" : 0,
    "errorPct" : 0.0,
    "meanResTime" : 26.28057553956833,
    "minResTime" : 14.0,
    "maxResTime" : 419.0,
    "pct1ResTime" : 30.0,
    "pct2ResTime" : 39.0,
    "pct3ResTime" : 415.4,
    "throughput" : 74.9730312837109,
    "receivedKBytesPerSec" : 1188.9590496898597,
    "sentKBytesPerSec" : 16.000560443635383
  },
  "Get Author" : {
    "transaction" : "Get Author",
    "sampleCount" : 47,
    "errorCount" : 0,
    "errorPct" : 0.0,
    "meanResTime" : 39.659574468085125,
    "minResTime" : 17.0,
    "maxResTime" : 419.0,
    "pct1ResTime" : 35.400000000000006,
    "pct2ResTime" : 261.9999999999979,
    "pct3ResTime" : 419.0,
    "throughput" : 25.697102241662108,
    "receivedKBytesPerSec" : 1193.5660068685074,
    "sentKBytesPerSec" : 3.990077398851832
  },
  "Delete Author" : {
    "transaction" : "Delete Author",
    "sampleCount" : 45,
    "errorCount" : 0,
    "errorPct" : 0.0,
    "meanResTime" : 18.91111111111111,
    "minResTime" : 14.0,
    "maxResTime" : 40.0,
    "pct1ResTime" : 22.799999999999997,
    "pct2ResTime" : 35.79999999999998,
    "pct3ResTime" : 40.0,
    "throughput" : 33.25942350332594,
    "receivedKBytesPerSec" : 6.8532601164079825,
    "sentKBytesPerSec" : 8.288150175535847
  }
}