{
  "Post Author" : {
    "transaction" : "Post Author",
    "sampleCount" : 39,
    "errorCount" : 0,
    "errorPct" : 0.0,
    "meanResTime" : 22.692307692307693,
    "minResTime" : 17.0,
    "maxResTime" : 48.0,
    "pct1ResTime" : 28.0,
    "pct2ResTime" : 36.0,
    "pct3ResTime" : 48.0,
    "throughput" : 27.196652719665273,
    "receivedKBytesPerSec" : 6.958518566945607,
    "sentKBytesPerSec" : 6.4538931746861925
  },
  "Total" : {
    "transaction" : "Total",
    "sampleCount" : 117,
    "errorCount" : 0,
    "errorPct" : 0.0,
    "meanResTime" : 31.444444444444454,
    "minResTime" : 17.0,
    "maxResTime" : 431.0,
    "pct1ResTime" : 36.0,
    "pct2ResTime" : 42.0,
    "pct3ResTime" : 430.28,
    "throughput" : 62.60032102728733,
    "receivedKBytesPerSec" : 976.499276852595,
    "sentKBytesPerSec" : 13.341129113162118
  },
  "Get Author" : {
    "transaction" : "Get Author",
    "sampleCount" : 40,
    "errorCount" : 0,
    "errorPct" : 0.0,
    "meanResTime" : 49.12499999999999,
    "minResTime" : 20.0,
    "maxResTime" : 431.0,
    "pct1ResTime" : 42.0,
    "pct2ResTime" : 407.8999999999984,
    "pct3ResTime" : 431.0,
    "throughput" : 21.401819154628143,
    "receivedKBytesPerSec" : 966.9708692817014,
    "sentKBytesPerSec" : 3.323134028892456
  },
  "Delete Author" : {
    "transaction" : "Delete Author",
    "sampleCount" : 38,
    "errorCount" : 0,
    "errorPct" : 0.0,
    "meanResTime" : 21.81578947368421,
    "minResTime" : 17.0,
    "maxResTime" : 27.0,
    "pct1ResTime" : 25.1,
    "pct2ResTime" : 26.049999999999997,
    "pct3ResTime" : 27.0,
    "throughput" : 27.737226277372265,
    "receivedKBytesPerSec" : 5.7153854927007295,
    "sentKBytesPerSec" : 6.911496350364963
  }
}